<annotation>
  <folder>Common</folder>
  <filename>common99</filename>
  <path>H:\annotation\windows_v1.2\data\Images\Common\common99.jpg</path>
  <source>
    <database>Unknown</database>
  </source>
  <size>
    <width>413</width>
    <height>413</height>
    <depth>3</depth>
  </size>
  <segmented>0</segmented>
  <object>
    <name>sun_glass</name>
    <pose>Unspecified</pose>
    <truncated>0</truncated>
    <difficult>0</difficult>
    <bndbox>
      <xmin>211</xmin>
      <ymin>222</ymin>
      <xmax>321</xmax>
      <ymax>315</ymax>
    </bndbox>
  </object>
  <object>
    <name>mobile_phone</name>
    <pose>Unspecified</pose>
    <truncated>0</truncated>
    <difficult>0</difficult>
    <bndbox>
      <xmin>163</xmin>
      <ymin>119</ymin>
      <xmax>224</xmax>
      <ymax>265</ymax>
    </bndbox>
  </object>
  <object>
    <name>wrist_watch</name>
    <pose>Unspecified</pose>
    <truncated>0</truncated>
    <difficult>0</difficult>
    <bndbox>
      <xmin>94</xmin>
      <ymin>20</ymin>
      <xmax>222</xmax>
      <ymax>172</ymax>
    </bndbox>
  </object>
</annotation>
