<annotation>
  <folder>Common</folder>
  <filename>common226</filename>
  <path>H:\annotation\windows_v1.2\data\Images\Common\common226.jpg</path>
  <source>
    <database>Unknown</database>
  </source>
  <size>
    <width>413</width>
    <height>413</height>
    <depth>3</depth>
  </size>
  <segmented>0</segmented>
  <object>
    <name>wrist_watch</name>
    <pose>Unspecified</pose>
    <truncated>0</truncated>
    <difficult>0</difficult>
    <bndbox>
      <xmin>304</xmin>
      <ymin>220</ymin>
      <xmax>356</xmax>
      <ymax>255</ymax>
    </bndbox>
  </object>
</annotation>
